parameter,n,bits_security,nist_level,data_encryption_time_s,query_encryption_time_s,data_decryption_time_s,query_execution_latency_s,query_throughput_per_s,overall_model_throughput_per_s,overall_model_latency_s,false_trust_acceptance_rate,num_data,num_queries,num_malicious,malicious_accepted
PARA.512,512,143,1,0.24450650007929653,0.0505976399872452,0.00011799996718764305,0.050834140018559994,19.67181897116566,19.921220861896405,0.7529659002320841,0.0,5,10,5,0
PARA.768,768,207,3,0.5114037999883294,0.1036307799979113,0.00018009997438639402,0.10393031999701632,9.621831242593196,9.671883917694064,1.550887099932879,0.0,5,10,5,0
PARA.1024,1024,272,5,1.6863584000384435,0.34199544999282805,0.00015719991642981768,0.34244484000373626,2.9201783270820765,2.9348670818309,5.1109639999922365,0.0,5,10,5,0
