parameter,n,bits_security,nist_level,data_encryption_time_s,query_encryption_time_s,data_decryption_time_s,query_execution_latency_s,query_throughput_per_s,overall_model_throughput_per_s,overall_model_latency_s,false_trust_acceptance_rate,num_data,num_queries,num_malicious,malicious_accepted
PARA.512,512,143,1,0.27383419999387115,0.05323665000032633,0.00021979998564347625,0.05334167000255547,18.747069597785227,18.576525439134606,0.8074707000050694,0.0,5,10,5,0
PARA.768,768,207,3,0.6527564999996684,0.11066015000105836,0.00023669999791309237,0.11079663000418805,9.025545271207262,8.518083465101759,1.760959500039462,0.0,5,10,5,0
PARA.1024,1024,272,5,3.6570095000206493,0.6886217599967495,0.0004325000336393714,0.6892288999981248,1.4508967920566314,1.4218372013418612,10.549731000035536,0.0,5,10,5,0
